frame,timestamp
0,1.774420101468E9
1,1.774420101506E9
2,1.774420101536E9
3,1.77442010157E9
4,1.774420101599E9
5,1.774420101636E9
6,1.774420101668E9
7,1.774420101702E9
8,1.774420101734E9
9,1.774420101769E9
10,1.774420101801E9
11,1.774420101834E9
12,1.774420101867E9
13,1.774420101901E9
14,1.774420101935E9
15,1.774420101968E9
16,1.774420102001E9
17,1.774420102035E9
18,1.774420102067E9
19,1.774420102101E9
20,1.774420102134E9
21,1.774420102167E9
22,1.7744201022E9
23,1.774420102234E9
24,1.774420102268E9
25,1.774420102301E9
26,1.774420102334E9
27,1.774420102368E9
28,1.774420102401E9
29,1.774420102435E9
30,1.774420102467E9
31,1.774420102501E9
32,1.774420102534E9
33,1.774420102568E9
34,1.7744201026E9
35,1.774420102634E9
36,1.774420102673E9
37,1.774420102705E9
38,1.774420102737E9
39,1.774420102775E9
40,1.77442010281E9
41,1.774420102838E9
42,1.77442010287E9
43,1.774420102905E9
44,1.774420102938E9
45,1.774420102974E9
46,1.774420103007E9
47,1.774420103035E9
48,1.774420103073E9
49,1.774420103105E9
50,1.774420103139E9
51,1.774420103175E9
52,1.774420103207E9
53,1.774420103238E9
54,1.774420103271E9
55,1.774420103303E9
56,1.774420103337E9
57,1.774420103373E9
58,1.774420103409E9
59,1.774420103439E9
60,1.774420103473E9
61,1.774420103507E9
62,1.774420103539E9
63,1.774420103574E9
64,1.77442010361E9
65,1.77442010364E9
66,1.774420103672E9
67,1.774420103706E9
68,1.774420103738E9
69,1.774420103774E9
70,1.774420103802E9
71,1.774420103836E9
72,1.774420103872E9
73,1.774420103904E9
74,1.774420103939E9
75,1.774420103971E9
76,1.774420104005E9
77,1.774420104037E9
78,1.774420104072E9
79,1.774420104107E9
80,1.774420104136E9
81,1.774420104174E9
82,1.774420104204E9
83,1.774420104235E9
84,1.77442010427E9
85,1.774420104304E9
86,1.774420104335E9
87,1.774420104373E9
88,1.774420104406E9
89,1.77442010444E9
90,1.774420104472E9
91,1.774420104506E9
92,1.774420104538E9
93,1.774420104572E9
94,1.774420104605E9
95,1.774420104636E9
96,1.774420104671E9
97,1.774420104705E9
98,1.774420104735E9
99,1.77442010477E9
100,1.774420104807E9
101,1.774420104836E9
102,1.774420104873E9
103,1.774420104909E9
104,1.774420104937E9
105,1.774420104969E9
106,1.774420105005E9
107,1.774420105038E9
108,1.774420105071E9
109,1.774420105106E9
110,1.774420105138E9
111,1.774420105171E9
112,1.774420105204E9
113,1.774420105239E9
114,1.77442010527E9
115,1.774420105304E9
116,1.774420105339E9
117,1.774420105373E9
118,1.774420105402E9
119,1.774420105437E9
120,1.774420105472E9
121,1.774420105506E9
122,1.774420105539E9
123,1.774420105573E9
124,1.774420105609E9
125,1.774420105639E9
126,1.774420105669E9
127,1.774420105704E9
128,1.774420105738E9
129,1.774420105768E9
130,1.774420105807E9
131,1.774420105835E9
132,1.774420105874E9
133,1.774420105904E9
134,1.774420105941E9
135,1.774420105971E9
136,1.774420106005E9
137,1.774420106038E9
138,1.774420106072E9
139,1.774420106104E9
140,1.774420106136E9
141,1.774420106173E9
142,1.774420106209E9
143,1.774420106239E9
144,1.774420106273E9
145,1.774420106304E9
146,1.774420106337E9
147,1.774420106372E9
148,1.774420106403E9
149,1.774420106437E9
150,1.774420106475E9
151,1.774420106505E9
152,1.774420106537E9
153,1.774420106571E9
154,1.774420106603E9
155,1.774420106638E9
156,1.774420106671E9
157,1.774420106705E9
158,1.774420106741E9
159,1.774420106769E9
160,1.774420106807E9
161,1.774420106834E9
162,1.774420106872E9
163,1.77442010691E9
164,1.774420106938E9
165,1.77442010697E9
166,1.774420107002E9
167,1.774420107037E9
168,1.77442010707E9
169,1.774420107104E9
170,1.774420107142E9
171,1.77442010717E9
172,1.774420107204E9
173,1.774420107238E9
174,1.77442010727E9
175,1.774420107336E9
176,1.774420107364E9
177,1.774420107392E9
178,1.774420107418E9
179,1.774420107448E9
180,1.774420107478E9
181,1.774420107517E9
182,1.774420107547E9
183,1.774420107573E9
184,1.774420107604E9
185,1.774420107638E9
186,1.774420107671E9
187,1.774420107706E9
188,1.774420107738E9
189,1.774420107767E9
190,1.774420107807E9
191,1.774420107838E9
192,1.774420107875E9
193,1.774420107904E9
194,1.774420107937E9
195,1.774420107973E9
196,1.774420108003E9
197,1.774420108038E9
198,1.774420108075E9
199,1.774420108104E9
200,1.774420108138E9
201,1.774420108173E9
202,1.774420108203E9
203,1.774420108243E9
204,1.774420108272E9
205,1.774420108306E9
206,1.774420108338E9
207,1.774420108373E9
208,1.774420108413E9
209,1.774420108441E9
210,1.77442010847E9
211,1.774420108505E9
212,1.774420108539E9
213,1.774420108578E9
214,1.774420108605E9
215,1.774420108638E9
216,1.774420108671E9
217,1.774420108703E9
218,1.774420108739E9
219,1.774420108773E9
220,1.774420108804E9
221,1.774420108838E9
222,1.774420108871E9
223,1.774420108903E9
224,1.774420108936E9
225,1.774420108978E9
226,1.774420109007E9
227,1.774420109037E9
228,1.774420109072E9
229,1.774420109104E9
230,1.77442010914E9
231,1.774420109169E9
232,1.774420109205E9
233,1.774420109236E9
234,1.774420109274E9
235,1.774420109311E9
236,1.774420109337E9
237,1.774420109369E9
238,1.774420109403E9
239,1.774420109437E9
240,1.774420109471E9
241,1.774420109505E9
242,1.774420109541E9
243,1.774420109571E9
244,1.774420109605E9
245,1.774420109645E9
246,1.774420109672E9
247,1.774420109703E9
248,1.774420109735E9
249,1.774420109773E9
250,1.774420109804E9
251,1.774420109835E9
252,1.774420109869E9
253,1.774420109907E9
254,1.774420109943E9
255,1.774420109971E9
256,1.774420110005E9
257,1.774420110037E9
258,1.774420110074E9
259,1.774420110103E9
260,1.774420110139E9
261,1.77442011017E9
262,1.774420110202E9
263,1.774420110237E9
264,1.774420110272E9
265,1.774420110306E9
266,1.774420110338E9
267,1.774420110371E9
268,1.774420110406E9
269,1.774420110438E9
270,1.774420110472E9
271,1.77442011051E9
272,1.77442011054E9
273,1.774420110571E9
274,1.774420110606E9
275,1.774420110636E9
276,1.774420110671E9
277,1.774420110707E9
278,1.774420110737E9
279,1.774420110772E9
280,1.774420110804E9
281,1.774420110838E9
282,1.774420110871E9
283,1.774420110905E9
284,1.774420110938E9
285,1.774420110973E9
286,1.774420111006E9
287,1.774420111042E9
288,1.77442011107E9
289,1.774420111106E9
290,1.774420111138E9
291,1.774420111172E9
292,1.774420111208E9
293,1.774420111237E9
294,1.77442011127E9
295,1.774420111305E9
296,1.774420111338E9
297,1.774420111372E9
298,1.774420111407E9
299,1.774420111436E9
300,1.774420111474E9
301,1.774420111503E9
302,1.774420111537E9
303,1.774420111572E9
304,1.774420111609E9
305,1.774420111636E9
306,1.774420111666E9
307,1.774420111701E9
308,1.774420111734E9
309,1.774420111772E9
310,1.774420111806E9
311,1.774420111837E9
312,1.774420111872E9
313,1.774420111904E9
314,1.774420111937E9
315,1.774420111968E9
316,1.774420112007E9
317,1.774420112039E9
318,1.774420112072E9
319,1.774420112102E9
320,1.774420112137E9
321,1.774420112172E9
322,1.774420112204E9
323,1.774420112236E9
324,1.774420112271E9
325,1.774420112305E9
326,1.774420112336E9
327,1.774420112374E9
328,1.774420112403E9
329,1.774420112437E9
330,1.774420112471E9
331,1.774420112504E9
332,1.774420112538E9
333,1.774420112572E9
334,1.774420112602E9
335,1.774420112636E9
336,1.774420112669E9
337,1.774420112723E9
338,1.774420112756E9
339,1.77442011278E9
340,1.774420112811E9
341,1.77442011284E9
342,1.774420112875E9
343,1.774420112903E9
344,1.774420112935E9
345,1.774420112973E9
346,1.774420113003E9
347,1.774420113038E9
348,1.774420113074E9
349,1.774420113103E9
350,1.77442011314E9
351,1.774420113171E9
352,1.774420113204E9
353,1.774420113237E9
354,1.774420113271E9
355,1.774420113304E9
356,1.774420113336E9
357,1.774420113367E9
358,1.774420113405E9
359,1.774420113436E9
360,1.774420113474E9
361,1.774420113505E9
362,1.774420113536E9
363,1.774420113572E9
364,1.774420113606E9
365,1.774420113688E9
366,1.774420113713E9
367,1.774420113739E9
368,1.774420113769E9
369,1.774420113802E9
370,1.774420113837E9
371,1.77442011387E9
372,1.774420113904E9
373,1.774420113937E9
374,1.774420113971E9
375,1.774420114008E9
376,1.774420114039E9
377,1.774420114072E9
378,1.774420114104E9
379,1.774420114138E9
380,1.774420114173E9
381,1.774420114203E9
382,1.774420114238E9
383,1.774420114271E9
384,1.774420114304E9
385,1.774420114345E9
386,1.774420114382E9
387,1.774420114409E9
388,1.774420114438E9
389,1.77442011447E9
390,1.774420114502E9
391,1.774420114536E9
392,1.774420114569E9
393,1.774420114605E9
394,1.774420114635E9
395,1.774420114674E9
396,1.774420114703E9
397,1.774420114735E9
398,1.774420114773E9
399,1.774420114804E9
400,1.774420114837E9
401,1.774420114873E9
402,1.774420114904E9
403,1.774420114938E9
404,1.774420114967E9
405,1.774420115003E9
406,1.774420115036E9
407,1.774420115072E9
408,1.774420115111E9
409,1.774420115136E9
410,1.774420115173E9
411,1.774420115203E9
412,1.774420115239E9
413,1.774420115277E9
414,1.774420115307E9
415,1.774420115339E9
416,1.774420115372E9
417,1.774420115405E9
418,1.774420115443E9
419,1.77442011547E9
420,1.774420115505E9
421,1.774420115538E9
422,1.774420115572E9
423,1.774420115607E9
424,1.774420115637E9
425,1.774420115673E9
426,1.774420115702E9
427,1.774420115739E9
428,1.77442011577E9
429,1.774420115809E9
430,1.774420115836E9
431,1.774420115873E9
432,1.774420115906E9
433,1.774420115935E9
434,1.77442011597E9
435,1.774420116005E9
436,1.774420116038E9
437,1.774420116073E9
438,1.774420116102E9
439,1.77442011621E9
440,1.774420116236E9
441,1.774420116271E9
442,1.774420116305E9
443,1.774420116336E9
444,1.77442011637E9
445,1.774420116403E9
446,1.774420116435E9
447,1.774420116472E9
448,1.774420116506E9
449,1.774420116538E9
450,1.774420116571E9
451,1.774420116601E9
452,1.774420116636E9
453,1.774420116672E9
454,1.774420116704E9
455,1.774420116739E9
456,1.774420116775E9
457,1.774420116803E9
458,1.774420116835E9
459,1.774420116873E9
460,1.774420116904E9
461,1.77442011694E9
462,1.774420116971E9
463,1.774420117006E9
464,1.774420117039E9
465,1.774420117071E9
466,1.774420117105E9
467,1.774420117137E9
468,1.774420117174E9
469,1.774420117203E9
470,1.774420117238E9
471,1.77442011727E9
472,1.774420117304E9
473,1.774420117335E9
474,1.774420117373E9
475,1.774420117403E9
476,1.774420117437E9
477,1.774420117471E9
478,1.774420117506E9
479,1.774420117538E9
480,1.774420117571E9
481,1.774420117605E9
482,1.774420117641E9
483,1.77442011767E9
484,1.774420117703E9
485,1.774420117738E9
486,1.774420117771E9
487,1.774420117801E9
488,1.774420117874E9
489,1.774420117904E9
490,1.774420117936E9
491,1.774420117972E9
492,1.774420118006E9
493,1.774420118043E9
494,1.774420118083E9
495,1.774420118109E9
496,1.774420118136E9
497,1.774420118171E9
498,1.774420118203E9
499,1.774420118242E9
500,1.774420118272E9
501,1.774420118305E9
502,1.774420118337E9
503,1.774420118371E9
504,1.774420118404E9
505,1.77442011844E9
506,1.77442011847E9
507,1.774420118503E9
508,1.774420118537E9
509,1.774420118572E9
510,1.774420118609E9
511,1.774420118638E9
512,1.774420118671E9
513,1.774420118705E9
514,1.774420118735E9
515,1.774420118773E9
516,1.774420118811E9
517,1.774420118839E9
518,1.774420118869E9
519,1.774420118906E9
520,1.774420118936E9
521,1.77442011897E9
522,1.774420119005E9
523,1.774420119038E9
524,1.77442011907E9
525,1.774420119104E9
526,1.774420119136E9
527,1.774420119172E9
528,1.774420119207E9
529,1.774420119238E9
530,1.774420119272E9
531,1.774420119304E9
532,1.774420119336E9
533,1.774420119483E9
534,1.774420119511E9
535,1.774420119538E9
536,1.77442011957E9
537,1.774420119603E9
538,1.774420119635E9
539,1.77442011967E9
540,1.774420119701E9
541,1.774420119737E9
542,1.774420119776E9
543,1.774420119804E9
544,1.774420119843E9
545,1.774420119871E9
546,1.774420119903E9
547,1.774420119937E9
548,1.774420119971E9
549,1.774420120008E9
550,1.774420120036E9
551,1.774420120073E9
552,1.774420120105E9
553,1.774420120139E9
554,1.774420120174E9
555,1.774420120205E9
556,1.774420120237E9
557,1.774420120272E9
558,1.774420120305E9
559,1.774420120338E9
560,1.774420120369E9
561,1.774420120404E9
562,1.774420120437E9
563,1.774420120473E9
564,1.77442012051E9
565,1.774420120539E9
566,1.774420120571E9
567,1.774420120603E9
568,1.774420120638E9
569,1.774420120694E9
570,1.774420120719E9
571,1.774420120745E9
572,1.774420120781E9
573,1.774420120811E9
574,1.774420120846E9
575,1.774420120871E9
576,1.774420120906E9
577,1.774420120936E9
578,1.774420120973E9
579,1.774420121001E9
580,1.774420121034E9
581,1.774420121069E9
582,1.774420121105E9
583,1.774420121136E9
584,1.774420121171E9
585,1.774420121202E9
586,1.774420121238E9
587,1.77442012127E9
588,1.774420121305E9
589,1.774420121334E9
590,1.774420121373E9
591,1.774420121405E9
592,1.774420121436E9
593,1.774420121473E9
594,1.774420121506E9
595,1.774420121541E9
596,1.774420121569E9
597,1.774420121601E9
598,1.774420121633E9
599,1.77442012167E9
600,1.774420121709E9
601,1.774420121736E9
602,1.774420121769E9
603,1.774420121803E9
604,1.774420121836E9
605,1.774420121873E9
606,1.77442012191E9
607,1.774420121938E9
608,1.774420121972E9
609,1.774420122001E9
610,1.774420122038E9
611,1.77442012207E9
612,1.774420122107E9
613,1.774420122138E9
614,1.77442012217E9
615,1.774420122203E9
616,1.774420122235E9
617,1.774420122271E9
618,1.774420122309E9
619,1.774420122336E9
620,1.77442012237E9
621,1.774420122405E9
622,1.774420122438E9
623,1.774420122469E9
624,1.774420122504E9
625,1.774420122538E9
626,1.77442012257E9
627,1.774420122605E9
628,1.774420122639E9
629,1.774420122674E9
630,1.774420122704E9
631,1.774420122735E9
632,1.774420122774E9
633,1.774420122804E9
634,1.774420122842E9
635,1.774420122871E9
636,1.774420122903E9
637,1.774420122935E9
638,1.774420122973E9
639,1.774420123011E9
640,1.774420123038E9
641,1.774420123072E9
642,1.774420123103E9
643,1.774420123136E9
644,1.77442012317E9
645,1.774420123206E9
646,1.774420123237E9
647,1.774420123272E9
648,1.774420123301E9
649,1.774420123339E9
650,1.774420123524E9
651,1.774420123552E9
652,1.77442012358E9
653,1.774420123612E9
654,1.774420123649E9
655,1.774420123678E9
656,1.774420123723E9
657,1.774420123755E9
658,1.77442012378E9
659,1.774420123806E9
660,1.774420123835E9
661,1.77442012387E9
662,1.774420123904E9
663,1.774420123939E9
664,1.77442012397E9
665,1.774420124005E9
666,1.774420124039E9
667,1.77442012407E9
668,1.774420124102E9
669,1.774420124136E9
670,1.774420124172E9
671,1.774420124204E9
672,1.774420124243E9
673,1.774420124271E9
674,1.774420124307E9
675,1.774420124335E9
676,1.774420124373E9
677,1.77442012441E9
678,1.77442012444E9
679,1.774420124472E9
680,1.774420124504E9
681,1.77442012454E9
682,1.77442012457E9
683,1.774420124606E9
684,1.774420124636E9
685,1.774420124673E9
686,1.774420124712E9
687,1.774420124736E9
688,1.774420124773E9
689,1.774420124802E9
690,1.774420124836E9
691,1.774420124871E9
692,1.774420124903E9
693,1.774420124937E9
694,1.774420124969E9
695,1.774420125003E9
696,1.774420125036E9
697,1.774420125086E9
698,1.774420125111E9
699,1.774420125138E9
700,1.774420125173E9
701,1.774420125204E9
702,1.774420125243E9
703,1.774420125271E9
704,1.774420125305E9
705,1.774420125342E9
706,1.774420125373E9
707,1.774420125402E9
708,1.774420125437E9
709,1.774420125468E9
710,1.774420125504E9
711,1.774420125539E9
712,1.774420125571E9
713,1.774420125605E9
714,1.774420125638E9
715,1.774420125671E9
716,1.774420125705E9
717,1.774420125735E9
718,1.774420125772E9
719,1.774420125805E9
720,1.774420125837E9
721,1.77442012587E9
722,1.774420125906E9
723,1.774420125935E9
724,1.774420125972E9
725,1.774420126003E9
726,1.774420126039E9
727,1.774420126072E9
728,1.774420126109E9
729,1.774420126139E9
730,1.774420126168E9
731,1.774420126202E9
732,1.774420126236E9
733,1.774420126273E9
734,1.774420126303E9
735,1.774420126335E9
736,1.774420126372E9
737,1.774420126403E9
738,1.774420126435E9
739,1.774420126614E9
740,1.774420126642E9
741,1.774420126671E9
742,1.774420126705E9
743,1.774420126737E9
744,1.774420126771E9
745,1.774420126807E9
746,1.774420126836E9
747,1.774420126869E9
748,1.774420126902E9
749,1.774420126937E9
750,1.774420126973E9
751,1.774420127006E9
752,1.774420127038E9
753,1.774420127071E9
754,1.774420127107E9
755,1.774420127135E9
756,1.774420127171E9
757,1.774420127207E9
758,1.774420127236E9
759,1.774420127272E9
760,1.774420127301E9
761,1.774420127341E9
762,1.77442012737E9
763,1.774420127402E9
764,1.774420127435E9
765,1.77442012747E9
766,1.774420127502E9
767,1.774420127535E9
768,1.774420127569E9
769,1.774420127606E9
770,1.774420127637E9
771,1.774420127673E9
772,1.774420127703E9
773,1.774420127737E9
774,1.774420127769E9
775,1.774420127799E9
776,1.774420127835E9
777,1.774420127873E9
778,1.774420127905E9
779,1.774420127937E9
780,1.774420127971E9
781,1.774420128006E9
782,1.774420128037E9
783,1.774420128074E9
784,1.774420128105E9
785,1.774420128137E9
786,1.77442012817E9
787,1.774420128204E9
788,1.774420128238E9
789,1.774420128281E9
790,1.774420128308E9
791,1.774420128336E9
792,1.774420128372E9
793,1.774420128403E9
794,1.774420128438E9
795,1.774420128472E9
796,1.774420128506E9
797,1.774420128535E9
798,1.774420128572E9
799,1.774420128605E9
800,1.774420128646E9
801,1.774420128673E9
802,1.774420128703E9
803,1.774420128737E9
804,1.77442012877E9
805,1.774420128805E9
806,1.774420128835E9
807,1.774420128871E9
808,1.774420128905E9
809,1.774420128935E9
810,1.774420128969E9
811,1.774420129002E9
812,1.774420129037E9
813,1.774420129072E9
814,1.774420129105E9
815,1.774420129138E9
816,1.77442012917E9
817,1.774420129204E9
818,1.774420129238E9
819,1.774420129271E9
820,1.774420129304E9
821,1.774420129339E9
822,1.774420129373E9
823,1.774420129404E9
824,1.774420129435E9
825,1.774420129469E9
826,1.774420129504E9
827,1.774420129538E9
828,1.77442012957E9
829,1.774420129607E9
830,1.774420129638E9
831,1.774420129672E9
832,1.774420129707E9
833,1.774420129736E9
834,1.774420129771E9
835,1.774420129805E9
836,1.774420129837E9
837,1.774420129872E9
838,1.774420129907E9
839,1.774420129934E9
840,1.774420129971E9
841,1.774420130005E9
842,1.774420130041E9
843,1.774420130071E9
844,1.774420130105E9
845,1.774420130136E9
846,1.774420130171E9
847,1.774420130212E9
848,1.774420130246E9
849,1.774420130273E9
850,1.774420130302E9
851,1.774420130345E9
852,1.774420130375E9
853,1.774420130406E9
854,1.774420130437E9
855,1.774420130472E9
856,1.774420130503E9
857,1.774420130537E9
858,1.774420130567E9
859,1.774420130603E9
860,1.774420130636E9
861,1.774420130671E9
862,1.774420130704E9
863,1.774420130738E9
864,1.774420130771E9
865,1.774420130804E9
866,1.774420130835E9
867,1.774420130869E9
868,1.774420130904E9
869,1.774420130943E9
870,1.774420130973E9
871,1.774420131003E9
872,1.774420131039E9
873,1.77442013107E9
874,1.774420131102E9
875,1.774420131137E9
876,1.77442013117E9
877,1.774420131204E9
878,1.774420131237E9
879,1.774420131271E9
880,1.774420131304E9
881,1.774420131341E9
882,1.774420131374E9
883,1.774420131404E9
884,1.774420131439E9
885,1.774420131469E9
886,1.774420131606E9
887,1.774420131636E9
888,1.774420131669E9
889,1.774420131703E9
890,1.774420131738E9
891,1.774420131771E9
892,1.774420131802E9
893,1.774420131838E9
894,1.774420131873E9
895,1.774420131906E9
896,1.774420131943E9
897,1.774420131974E9
898,1.774420132002E9
899,1.774420132037E9
900,1.774420132072E9
901,1.774420132105E9
902,1.774420132142E9
903,1.774420132168E9
904,1.774420132203E9
905,1.774420132234E9
906,1.774420132269E9
907,1.774420132305E9
908,1.774420132341E9
909,1.774420132372E9
910,1.774420132404E9
911,1.774420132439E9
912,1.774420132468E9
913,1.774420132502E9
914,1.774420132534E9
915,1.774420132573E9
916,1.774420132604E9
917,1.77442013264E9
918,1.774420132671E9
919,1.774420132708E9
920,1.774420132735E9
921,1.774420132771E9
922,1.774420132804E9
923,1.774420132835E9
924,1.774420132872E9
925,1.774420132906E9
926,1.774420132935E9
927,1.77442013297E9
928,1.774420133005E9
929,1.774420133036E9
930,1.774420133075E9
931,1.774420133107E9
932,1.774420133137E9
933,1.774420133172E9
934,1.774420133205E9
935,1.77442013324E9
936,1.774420133271E9
937,1.774420133305E9
938,1.774420133339E9
939,1.774420133368E9
940,1.774420133401E9
941,1.774420133433E9
942,1.774420133472E9
943,1.774420133506E9
944,1.774420133536E9
945,1.774420133571E9
946,1.774420133602E9
947,1.774420133635E9
948,1.774420133672E9
949,1.774420133705E9
950,1.774420133737E9
951,1.774420133807E9
952,1.774420133836E9
953,1.774420133869E9
954,1.774420133901E9
955,1.774420133937E9
956,1.77442013397E9
957,1.774420134024E9
958,1.774420134052E9
959,1.774420134078E9
960,1.774420134107E9
961,1.774420134138E9
962,1.774420134176E9
963,1.774420134206E9
964,1.774420134236E9
965,1.774420134272E9
966,1.774420134304E9
967,1.774420134343E9
968,1.774420134369E9
969,1.774420134405E9
970,1.774420134437E9
971,1.774420134472E9
972,1.774420134511E9
973,1.774420134539E9
974,1.774420134568E9
975,1.774420134603E9
976,1.774420134635E9
977,1.774420134673E9
978,1.774420134718E9
979,1.774420134747E9
980,1.774420134771E9
981,1.774420134803E9
982,1.774420134834E9
983,1.774420134872E9
984,1.774420134905E9
985,1.774420134935E9
986,1.774420134972E9
987,1.774420135002E9
988,1.774420135036E9
989,1.774420135069E9
990,1.774420135103E9
991,1.774420135136E9
992,1.774420135172E9
993,1.774420135204E9
994,1.774420135238E9
995,1.774420135269E9
996,1.774420135301E9
997,1.774420135341E9
998,1.77442013537E9
999,1.774420135405E9
1000,1.774420135441E9
1001,1.774420135471E9
1002,1.774420135505E9
1003,1.774420135535E9
1004,1.774420135572E9
1005,1.774420135613E9
1006,1.774420135635E9
1007,1.774420135671E9
1008,1.774420135705E9
1009,1.774420135737E9
1010,1.774420135767E9
1011,1.774420135805E9
1012,1.774420135837E9
1013,1.774420135868E9
1014,1.774420135906E9
1015,1.774420135937E9
1016,1.774420135974E9
1017,1.774420136004E9
1018,1.774420136037E9
1019,1.77442013607E9
1020,1.774420136105E9
1021,1.774420136165E9
1022,1.774420136194E9
1023,1.774420136222E9
1024,1.774420136247E9
1025,1.774420136283E9
1026,1.774420136312E9
1027,1.774420136338E9
1028,1.774420136369E9
1029,1.774420136404E9
1030,1.774420136438E9
1031,1.774420136473E9
1032,1.774420136504E9
1033,1.774420136535E9
1034,1.774420136573E9
1035,1.774420136603E9
1036,1.774420136637E9
1037,1.774420136674E9
1038,1.774420136702E9
1039,1.774420136737E9
1040,1.774420136771E9
1041,1.774420136804E9
1042,1.774420136836E9
1043,1.774420136872E9
1044,1.774420136903E9
1045,1.774420136936E9
1046,1.774420136972E9
1047,1.774420137003E9
1048,1.774420137038E9
1049,1.774420137076E9
1050,1.774420137106E9
1051,1.774420137137E9
1052,1.774420137169E9
1053,1.774420137203E9
1054,1.774420137237E9
1055,1.774420137284E9
1056,1.774420137315E9
1057,1.774420137343E9
1058,1.774420137369E9
1059,1.774420137402E9
1060,1.774420137439E9
1061,1.774420137471E9
1062,1.774420137503E9
1063,1.774420137534E9
1064,1.774420137573E9
1065,1.77442013761E9
1066,1.77442013764E9
1067,1.774420137668E9
1068,1.774420137705E9
1069,1.774420137735E9
1070,1.774420137919E9
1071,1.77442013795E9
1072,1.774420137981E9
1073,1.774420138013E9
1074,1.77442013804E9
1075,1.774420138069E9
1076,1.774420138101E9
1077,1.774420138135E9
1078,1.774420138171E9
1079,1.774420138204E9
1080,1.774420138235E9
1081,1.774420138272E9
1082,1.774420138309E9
1083,1.774420138337E9
1084,1.774420138372E9
1085,1.774420138402E9
1086,1.774420138436E9
1087,1.774420138472E9
1088,1.774420138504E9
1089,1.774420138538E9
1090,1.774420138569E9
1091,1.774420138604E9
1092,1.774420138639E9
1093,1.774420138671E9
1094,1.774420138704E9
1095,1.774420138734E9
1096,1.774420138773E9
1097,1.77442013881E9
1098,1.774420138838E9
1099,1.77442013887E9
1100,1.774420138904E9
1101,1.774420138939E9
1102,1.774420138968E9
1103,1.774420139002E9
1104,1.774420139034E9
1105,1.774420139069E9
1106,1.774420139104E9
1107,1.774420139135E9
1108,1.774420139172E9
1109,1.774420139206E9
1110,1.77442013924E9
1111,1.774420139267E9
1112,1.774420139303E9
1113,1.774420139339E9
1114,1.774420139369E9
1115,1.774420139406E9
1116,1.774420139436E9
1117,1.774420139466E9
1118,1.774420139503E9
1119,1.774420139539E9
1120,1.774420139571E9
1121,1.774420139609E9
1122,1.774420139641E9
1123,1.774420139669E9
1124,1.774420139705E9
1125,1.774420139735E9
1126,1.77442013977E9
1127,1.774420139803E9
1128,1.774420139836E9
1129,1.774420139871E9
1130,1.774420139904E9
1131,1.774420139941E9
1132,1.77442013997E9
1133,1.774420140006E9
1134,1.774420140036E9
1135,1.774420140071E9
1136,1.774420140116E9
1137,1.77442014014E9
1138,1.774420140169E9
1139,1.774420140203E9
1140,1.774420140235E9
1141,1.77442014027E9
1142,1.774420140305E9
1143,1.774420140335E9
1144,1.774420140371E9
1145,1.774420140403E9
1146,1.774420140437E9
1147,1.774420140472E9
1148,1.774420140503E9
1149,1.774420140537E9
1150,1.774420140572E9
1151,1.774420140601E9
1152,1.774420140638E9
1153,1.774420140669E9
1154,1.774420140705E9
1155,1.774420140736E9
1156,1.774420140771E9
1157,1.774420140802E9
1158,1.774420140838E9
1159,1.774420140869E9
1160,1.774420140905E9
1161,1.774420140935E9
1162,1.774420140972E9
1163,1.774420141003E9
1164,1.774420141041E9
1165,1.774420141072E9
1166,1.774420141105E9
1167,1.774420141136E9
1168,1.774420141172E9
1169,1.774420141203E9
1170,1.774420141235E9
1171,1.77442014127E9
1172,1.774420141303E9
1173,1.774420141335E9
1174,1.774420141369E9
1175,1.774420141403E9
1176,1.77442014144E9
1177,1.774420141469E9
1178,1.774420141504E9
1179,1.774420141535E9
1180,1.774420141567E9
1181,1.7744201416E9
1182,1.774420141635E9
1183,1.774420141672E9
1184,1.774420141702E9
1185,1.774420141735E9
1186,1.77442014177E9
1187,1.774420141804E9
1188,1.774420141834E9
1189,1.774420141871E9
1190,1.774420141902E9
1191,1.774420141934E9
1192,1.774420141971E9
1193,1.774420142003E9
1194,1.774420142035E9
1195,1.774420142073E9
1196,1.77442014211E9
1197,1.774420142137E9
1198,1.774420142169E9
1199,1.774420142204E9
1200,1.774420142235E9
1201,1.774420142271E9
1202,1.77442014231E9
1203,1.774420142336E9
1204,1.774420142372E9
1205,1.774420142401E9
1206,1.774420142436E9
1207,1.774420142473E9
1208,1.774420142503E9
1209,1.774420142535E9
1210,1.774420142571E9
1211,1.774420142603E9
1212,1.774420142633E9
1213,1.77442014269E9
1214,1.774420142719E9
1215,1.774420142753E9
1216,1.774420142782E9
1217,1.774420142812E9
1218,1.774420142837E9
1219,1.774420142871E9
1220,1.774420142904E9
1221,1.774420142937E9
1222,1.77442014297E9
1223,1.774420143001E9
1224,1.774420143037E9
1225,1.77442014307E9
1226,1.774420143102E9
1227,1.774420143137E9
1228,1.774420143171E9
1229,1.774420143206E9
1230,1.774420143235E9
1231,1.77442014327E9
1232,1.774420143304E9
1233,1.774420143335E9
1234,1.774420143369E9
1235,1.774420143406E9
1236,1.774420143436E9
1237,1.774420143468E9
1238,1.774420143502E9
1239,1.774420143537E9
1240,1.774420143573E9
1241,1.774420143601E9
1242,1.774420143635E9
1243,1.774420143671E9
1244,1.774420143703E9
1245,1.774420143733E9
1246,1.774420143769E9
1247,1.7744201438E9
1248,1.774420143836E9
1249,1.774420143866E9
1250,1.774420143901E9
1251,1.774420143936E9
1252,1.77442014397E9
1253,1.774420144E9
1254,1.774420144035E9
1255,1.774420144068E9
1256,1.774420144101E9
1257,1.774420144133E9
1258,1.774420144168E9
1259,1.774420144201E9
1260,1.774420144234E9
1261,1.774420144269E9
1262,1.774420144334E9
1263,1.774420144362E9
1264,1.774420144392E9
1265,1.774420144423E9
1266,1.774420144451E9
1267,1.774420144488E9
1268,1.774420144513E9
1269,1.774420144535E9
1270,1.774420144569E9
1271,1.774420144602E9
1272,1.774420144635E9
1273,1.774420144676E9
1274,1.774420144702E9
1275,1.774420144734E9
1276,1.774420144769E9
1277,1.774420144804E9
1278,1.774420144899E9
1279,1.774420144925E9
1280,1.774420144952E9
1281,1.774420144984E9
1282,1.774420145022E9
1283,1.774420145052E9
1284,1.774420145079E9
1285,1.774420145106E9
1286,1.774420145136E9
1287,1.774420145169E9
1288,1.774420145205E9
1289,1.774420145237E9
1290,1.77442014527E9
1291,1.774420145301E9
1292,1.774420145337E9
1293,1.774420145371E9
1294,1.77442014541E9
1295,1.774420145436E9
1296,1.77442014547E9
1297,1.774420145505E9
1298,1.774420145536E9
1299,1.77442014557E9
1300,1.774420145604E9
1301,1.774420145638E9
1302,1.774420145671E9
1303,1.774420145704E9
1304,1.774420145738E9
1305,1.774420145771E9
1306,1.774420145805E9
1307,1.774420145835E9
1308,1.774420145871E9
1309,1.774420145905E9
1310,1.774420145938E9
1311,1.77442014597E9
1312,1.774420146005E9
1313,1.774420146037E9
1314,1.77442014607E9
1315,1.774420146101E9
1316,1.774420146135E9
1317,1.774420146173E9
1318,1.774420146208E9
1319,1.774420146236E9
1320,1.774420146267E9
1321,1.774420146303E9
1322,1.774420146335E9
1323,1.77442014637E9
1324,1.774420146402E9
1325,1.774420146435E9
1326,1.77442014647E9
1327,1.774420146503E9
1328,1.774420146537E9
1329,1.774420146569E9
1330,1.774420146605E9
1331,1.774420146636E9
1332,1.774420146669E9
1333,1.774420146707E9
1334,1.774420146734E9
1335,1.774420146769E9
1336,1.774420146804E9
1337,1.774420146836E9
1338,1.774420146872E9
1339,1.77442014691E9
1340,1.774420146936E9
1341,1.774420146968E9
1342,1.774420147004E9
1343,1.774420147036E9
1344,1.774420147069E9
1345,1.774420147117E9
1346,1.774420147146E9
1347,1.774420147172E9
1348,1.774420147203E9
1349,1.774420147234E9
1350,1.774420147277E9
1351,1.774420147303E9
1352,1.774420147336E9
1353,1.774420147368E9
1354,1.774420147402E9
1355,1.774420147435E9
1356,1.77442014747E9
1357,1.774420147505E9
1358,1.774420147536E9
1359,1.77442014757E9
1360,1.77442014761E9
1361,1.774420147639E9
1362,1.774420147668E9
1363,1.774420147704E9
1364,1.774420147735E9
1365,1.77442014777E9
1366,1.774420147803E9
1367,1.774420147836E9
1368,1.774420147866E9
1369,1.774420147903E9
1370,1.774420147939E9
1371,1.774420147969E9
1372,1.774420148003E9
1373,1.774420148034E9
1374,1.774420148071E9
1375,1.774420148102E9
1376,1.774420148171E9
1377,1.774420148202E9
1378,1.774420148235E9
1379,1.77442014827E9
1380,1.774420148302E9
1381,1.774420148336E9
1382,1.774420148371E9
1383,1.774420148399E9
1384,1.774420148434E9
1385,1.774420148471E9
1386,1.774420148502E9
1387,1.774420148533E9
1388,1.774420148569E9
1389,1.7744201486E9
1390,1.774420148635E9
1391,1.774420148672E9
1392,1.774420148703E9
1393,1.774420148736E9
1394,1.77442014877E9
1395,1.774420148804E9
1396,1.774420148834E9
1397,1.774420148871E9
1398,1.774420148902E9
1399,1.774420148935E9
1400,1.77442014897E9
1401,1.774420149004E9
1402,1.774420149035E9
1403,1.774420149068E9
1404,1.77442014911E9
1405,1.774420149137E9
1406,1.774420149171E9
1407,1.774420149203E9
1408,1.774420149236E9
1409,1.774420149273E9
1410,1.774420149305E9
1411,1.774420149337E9
1412,1.774420149368E9
1413,1.774420149404E9
1414,1.774420149441E9
1415,1.774420149469E9
1416,1.774420149504E9
1417,1.774420149534E9
1418,1.774420149576E9
1419,1.774420149603E9
1420,1.774420149636E9
1421,1.774420149672E9
1422,1.774420149703E9
1423,1.774420149736E9
1424,1.774420149766E9
1425,1.774420149803E9
1426,1.774420149835E9
1427,1.774420149873E9
1428,1.774420149902E9
1429,1.774420149936E9
1430,1.77442014997E9
1431,1.774420150003E9
1432,1.774420150035E9
1433,1.774420150072E9
1434,1.774420150103E9
1435,1.774420150139E9
1436,1.774420150175E9
1437,1.774420150205E9
1438,1.774420150233E9
1439,1.77442015027E9
1440,1.774420150303E9
1441,1.774420150337E9
1442,1.774420150371E9
1443,1.774420150403E9
1444,1.774420150435E9
1445,1.77442015047E9
1446,1.774420150505E9
1447,1.774420150535E9
1448,1.774420150568E9
1449,1.774420150606E9
1450,1.774420150635E9
1451,1.774420150669E9
1452,1.774420150879E9
1453,1.774420150911E9
1454,1.774420150938E9
1455,1.774420150969E9
1456,1.774420151003E9
1457,1.774420151043E9
1458,1.774420151071E9
1459,1.774420151103E9
1460,1.774420151136E9
1461,1.77442015117E9
1462,1.774420151209E9
1463,1.774420151237E9
1464,1.77442015127E9
1465,1.774420151303E9
1466,1.774420151335E9
1467,1.774420151368E9
1468,1.774420151402E9
1469,1.774420151434E9
1470,1.774420151471E9
1471,1.774420151504E9
1472,1.774420151543E9
1473,1.774420151571E9
1474,1.774420151603E9
1475,1.774420151639E9
1476,1.77442015167E9
1477,1.774420151704E9
1478,1.77442015174E9
1479,1.77442015177E9
1480,1.7744201518E9
1481,1.774420151834E9
1482,1.774420151868E9
1483,1.774420151901E9
1484,1.774420151936E9
1485,1.774420151967E9
1486,1.774420152004E9
1487,1.774420152036E9
1488,1.77442015207E9
1489,1.774420152105E9
1490,1.774420152135E9
1491,1.774420152171E9
1492,1.774420152203E9
1493,1.774420152235E9
1494,1.774420152276E9
1495,1.774420152304E9
1496,1.774420152335E9
1497,1.774420152371E9
1498,1.774420152406E9
1499,1.774420152435E9
1500,1.774420152469E9
1501,1.774420152505E9
1502,1.774420152538E9
1503,1.774420152577E9
1504,1.774420152606E9
1505,1.774420152636E9
1506,1.774420152668E9
1507,1.774420152703E9
1508,1.774420152736E9
1509,1.77442015277E9
1510,1.774420152805E9
1511,1.774420152838E9
1512,1.774420152871E9
1513,1.774420152904E9
1514,1.774420152938E9
1515,1.774420152968E9
1516,1.774420153002E9
1517,1.774420153035E9
1518,1.77442015307E9
1519,1.774420153105E9
1520,1.774420153141E9
1521,1.77442015317E9
1522,1.774420153201E9
1523,1.774420153236E9
1524,1.77442015327E9
1525,1.774420153319E9
1526,1.774420153347E9
1527,1.774420153373E9
1528,1.774420153401E9
1529,1.774420153435E9
1530,1.774420153467E9
1531,1.774420153505E9
1532,1.774420153536E9
1533,1.77442015357E9
1534,1.774420153603E9
1535,1.774420153635E9
1536,1.774420153671E9
1537,1.774420153703E9
1538,1.774420153735E9
1539,1.774420153769E9
1540,1.774420153804E9
1541,1.774420153839E9
1542,1.774420153868E9
1543,1.774420153904E9
1544,1.774420153935E9
1545,1.774420153968E9
1546,1.774420154004E9
1547,1.774420154045E9
1548,1.774420154073E9
1549,1.774420154105E9
1550,1.774420154137E9
1551,1.774420154172E9
1552,1.774420154205E9
1553,1.774420154242E9
1554,1.774420154269E9
1555,1.774420154298E9
1556,1.774420154332E9
1557,1.774420154366E9
1558,1.774420154399E9
1559,1.774420154433E9
1560,1.774420154465E9
1561,1.774420154499E9
1562,1.774420154532E9
1563,1.774420154566E9
1564,1.774420154602E9
1565,1.774420154635E9
1566,1.774420154667E9
1567,1.774420154703E9
1568,1.774420154736E9
1569,1.774420154771E9
1570,1.774420154804E9
1571,1.774420154837E9
1572,1.774420154871E9
1573,1.774420154901E9
1574,1.774420154936E9
1575,1.77442015497E9
1576,1.774420155004E9
1577,1.774420155038E9
1578,1.774420155071E9
1579,1.774420155104E9
1580,1.774420155134E9
1581,1.774420155171E9
1582,1.774420155202E9
1583,1.774420155239E9
1584,1.774420155275E9
1585,1.774420155305E9
1586,1.774420155335E9
1587,1.774420155368E9
1588,1.774420155404E9
1589,1.774420155434E9
1590,1.774420155471E9
1591,1.774420155502E9
1592,1.774420155537E9
1593,1.77442015557E9
1594,1.7744201556E9
1595,1.774420155636E9
1596,1.774420155676E9
1597,1.774420155705E9
1598,1.774420155736E9
1599,1.774420155768E9
1600,1.774420155801E9
1601,1.774420155834E9
1602,1.774420155895E9
1603,1.774420155922E9
1604,1.774420155949E9
1605,1.77442015598E9
1606,1.77442015601E9
1607,1.774420156048E9
1608,1.774420156077E9
1609,1.774420156107E9
1610,1.774420156135E9
1611,1.774420156169E9
1612,1.774420156201E9
1613,1.774420156266E9
1614,1.774420156301E9
1615,1.774420156336E9
1616,1.774420156369E9
1617,1.774420156404E9
1618,1.774420156441E9
1619,1.774420156473E9
1620,1.774420156504E9
1621,1.774420156533E9
1622,1.774420156572E9
1623,1.774420156606E9
1624,1.774420156636E9
1625,1.774420156671E9
1626,1.774420156703E9
1627,1.774420156733E9
1628,1.774420156769E9
1629,1.774420156804E9
1630,1.774420156835E9
1631,1.774420156869E9
1632,1.774420156904E9
1633,1.774420156935E9
1634,1.774420157048E9
1635,1.774420157076E9
1636,1.774420157103E9
1637,1.774420157136E9
1638,1.774420157171E9
1639,1.774420157209E9
1640,1.774420157239E9
1641,1.774420157267E9
1642,1.774420157303E9
1643,1.774420157335E9
1644,1.77442015737E9
1645,1.774420157402E9
1646,1.774420157434E9
1647,1.774420157468E9
1648,1.774420157503E9
1649,1.774420157535E9
1650,1.774420157572E9
1651,1.774420157604E9
1652,1.774420157633E9
1653,1.77442015767E9
1654,1.774420157704E9
1655,1.774420157743E9
1656,1.77442015777E9
1657,1.774420157802E9
1658,1.774420157836E9
1659,1.774420157868E9
1660,1.774420157903E9
1661,1.774420157938E9
1662,1.77442015797E9
1663,1.774420158004E9
1664,1.774420158034E9
1665,1.77442015807E9
1666,1.774420158104E9
1667,1.774420158132E9
1668,1.774420158169E9
1669,1.774420158202E9
1670,1.774420158234E9
1671,1.774420158267E9
1672,1.774420158305E9
1673,1.774420158336E9
1674,1.774420158367E9
1675,1.774420158407E9
1676,1.774420158443E9
1677,1.774420158475E9
1678,1.774420158504E9
1679,1.774420158534E9
1680,1.774420158569E9
1681,1.774420158605E9
1682,1.774420158634E9
1683,1.774420158671E9
1684,1.774420158703E9
1685,1.774420158736E9
1686,1.77442015877E9
1687,1.774420158807E9
1688,1.774420158835E9
1689,1.774420158871E9
1690,1.774420158902E9
1691,1.774420158936E9
1692,1.774420158971E9
1693,1.774420159008E9
1694,1.774420159039E9
1695,1.77442015907E9
1696,1.774420159102E9
1697,1.774420159135E9
1698,1.774420159171E9
1699,1.774420159265E9
1700,1.774420159291E9
1701,1.774420159322E9
1702,1.774420159349E9
1703,1.774420159376E9
1704,1.774420159408E9
1705,1.774420159437E9
1706,1.774420159469E9
1707,1.774420159501E9
1708,1.774420159532E9
1709,1.774420159568E9
1710,1.774420159605E9
1711,1.774420159636E9
1712,1.774420159671E9
1713,1.774420159705E9
1714,1.774420159735E9
1715,1.774420159769E9
1716,1.7744201598E9
1717,1.774420159834E9
1718,1.77442015987E9
1719,1.774420159909E9
1720,1.774420159939E9
1721,1.774420159968E9
1722,1.774420160005E9
1723,1.774420160036E9
1724,1.774420160072E9
1725,1.77442016011E9
1726,1.774420160136E9
1727,1.774420160168E9
1728,1.7744201602E9
1729,1.774420160233E9
1730,1.774420160267E9
1731,1.774420160325E9
1732,1.774420160358E9
1733,1.774420160387E9
1734,1.774420160415E9
1735,1.774420160443E9
1736,1.774420160482E9
1737,1.774420160509E9
1738,1.774420160534E9
1739,1.774420160571E9
1740,1.774420160603E9
1741,1.774420160636E9
1742,1.774420160671E9
1743,1.774420160703E9
1744,1.774420160735E9
1745,1.77442016077E9
1746,1.774420160803E9
1747,1.774420160839E9
1748,1.774420160868E9
1749,1.774420160905E9
1750,1.774420160936E9
1751,1.774420160967E9
1752,1.774420161005E9
1753,1.774420161042E9
1754,1.774420161069E9
1755,1.774420161104E9
1756,1.774420161138E9
